id,name,description
02fef97c984cf709f98b57c7278f6b8ccdd6ae165c68e204c2695d8c7fb8e32e,1333_Wellampitiya,flo2d_250_channel_cell_map_element
03b4546bf8920384cfb0e4a650e50c8fc9d0b7703c81cb52d9ff40c1e2ff695f,2874_Rampalawatta,flo2d_250_flood_plain_cell_map_element
0bcaa90db73747dd45d2e7c23b1e5e192d61002dcb6b69e7f234adf634b5e564,388_Thummodara,flo2d_250_channel_cell_map_element
0be3bc6007feabd565aea6ac5a73f01986598a57266ac1fe1353185957089f03,"885_OUSL-Nawala Kirulapana Canal",flo2d_250_channel_cell_map_element
0ef77a07f896488f3e896ecb9849e9887ebbf826f53a9baeb4ad862eea00c3be,"660_OUSL-Narahenpita Rd",flo2d_250_channel_cell_map_element
11086293f89b7dd2ea3bce2623a7063d2e0af5b73c3777ba7234c15b6de45647,912_Kittampahuwa,flo2d_250_channel_cell_map_element
146be43d423f11cdaf807f0186662e2164a640c7b7200dd039c3ad9cd051f1c9,"684_Dematagoda Canal-Orugodawatta",flo2d_250_channel_cell_map_element
179efd4ff5da3ddce2c5504af7528e8222261d608deb4d7904b594e082048854,"387_Swarna Rd-Wellawatta",flo2d_250_channel_cell_map_element
2660081b3f30ad53fdf7ec537c08e04d7a0103e19646c8f29fe335e61b851f13,"24_Baira Lake Nawam Mw",flo2d_250_flood_plain_cell_map_element
32b11d54369921eb706395c50bf5936708b99915b0252e7100035f0a109d5fc5,2686_Aggona,flo2d_250_flood_plain_cell_map_element
34b539d2d6357bce2edad9a056b6750311ee014289fc4b64706ad03208cbd63a,"3673_Ambatale River",flo2d_250_channel_cell_map_element
48ec8d94b121c083ebc06147d9bab60adde6644d63d63e290e47c85e6c4d2092,"2866_Kibulawala 1",flo2d_250_flood_plain_cell_map_element
4ffeaf3f0a20f64488fb72bf6c73a7d4d903e7e8206b181eac4ef976218cec72,"545_Ingurukade Jn",flo2d_250_channel_cell_map_element
5ff972ef464b08360f39933f7ecb032d84556e7127d7c2a694aa8ead4c5a1d25,"1243_Vivekarama Mw",flo2d_250_channel_cell_map_element
6259fcf9309893696bfb52ef5b589bebb1b8490cec2750f02fd36c517931fede,"3580_Ambatale Outfull1",flo2d_250_channel_cell_map_element
68309bae14500560ef95b8cbf33ae02ac0eb11a41091a3b8e045dade6f133bf6,"220_Dehiwala Canal",flo2d_250_channel_cell_map_element
6d79530ea67d27ef68e0095aaa9434858c6283d375e7c1b1114dcf586680b8c3,4192_Malabe,flo2d_250_channel_cell_map_element
71dbdd5f84cee869c1ed034ead76cd004a379a7346b839fdffea57ccd8cbbbf9,2371_JanakalaKendraya,flo2d_250_channel_cell_map_element
74269eb6e677392b0ecc2a795f67d20d587f9562af5c4fe68c7a5540975181e1,1062_Yakbedda,flo2d_250_channel_cell_map_element
78a0ec7280cf479a7760d671c9f13255966fad0cd042fc0266f79915455fd5ef,"261_Mutwal Outfall",flo2d_250_channel_cell_map_element
808acb3638c026b83678f075552e4e8d9eb8c9d1142c1389720d83e33f1e41d1,"813_Kirimandala Mw",flo2d_250_channel_cell_map_element
8adb1b2c4902a455e6c210f059309d62094dc7244e0bc19d0179392f2fb0e3f9,"1842_Abagaha Jn",flo2d_250_flood_plain_cell_map_element
8d23bb64236de82a2bf47368c4498c9db317e020ba00b0433aa9d5492adddbe1,1625_Kotiyagoda,flo2d_250_channel_cell_map_element
8e707fb2b3f79011309a9b4af831dc933d58290c8683578f4dc775e1b6da64ac,3919_Amaragoda,flo2d_250_channel_cell_map_element
901759dcf87db3435b8c5522078445f6e065e6d2ab16ec7b1fbeffd5e6aa17b3,592_Torrinton,flo2d_250_channel_cell_map_element
90ffac399d6f5a451650d04c5ba6de45bc1112db5dac33ae04d0bed661ad8f19,"2669_Parliament Lake Side",flo2d_250_flood_plain_cell_map_element
9659506867792b245aa1ec5f04c98f07499fe695ee48ecb79d71ab83fd98d21f,2695_Wennawatta,flo2d_250_channel_cell_map_element
996c2f4339bd69f86d2698334f1851c5ec24e9d756930557987d7a8c3902469d,991_Kalupalama,flo2d_250_channel_cell_map_element
9b300ba09505cfd7630c5edc99158e660b820bdfef8788a5db79583ff8972dce,"2174_Weliwala Pond",flo2d_250_channel_cell_map_element
a47c199a69110926f51ebeafa4edebe6992f06dbcb9c4eeeecabfeea019a3123,"1517_Kotte North Canal",flo2d_250_channel_cell_map_element
ac3f5321664a1e01b727f70a1ecf62dd8905ca65fa87b0dc59fc7a1ef9ddcd24,"1838_Polduwa-Parliament Rd",flo2d_250_flood_plain_cell_map_element
afbf393c57ac39f35f716821f62058615d31e1c93e9969124dc6fc86ac801819,"2395_Kelani Mulla Outfall",flo2d_250_channel_cell_map_element
c084c18ff2ca57a59990a98897b3672b1f38f9a451621ee97ff99c4d8152d457,"179_Wellawatta Canal-St Peters College",flo2d_250_channel_cell_map_element
c5c28a401cafc506f0078607f63e4d1e0610703a604bf658442bb6a257f2c4f9,"1161_Kittampahuwa River",flo2d_250_channel_cell_map_element
c69f0d212c1e9e15a40b1a156733f588c84a01c6eb24212364a36e99475577ad,"973_Near SLLRDC",flo2d_250_channel_cell_map_element
c6f3ea1eccaed1d30136a5eef14b54e44e166c9b68848e434e7a87cac2c26f05,"2597_Old Awissawella Rd",flo2d_250_channel_cell_map_element
cd0677a52dd40fd984380ea3d3e50fc8df375ebcadc19742d837c78e5496a099,"823_LesliRanagala Mw",flo2d_250_channel_cell_map_element
d41062d20981dad312b841aa85802321fcb54362137dec5fd9021dc396819499,"1528_Harwad Band",flo2d_250_channel_cell_map_element
db98d31d0690c5212ca706281dc83149e0d4c9bfb662521d7c5163acf2899b3d,"618_Nagalagam Street River",flo2d_250_channel_cell_map_element
de84871a44db3bab4c661b6098c034ec2ea4b8f82d496a951110059db4275120,"153_Baira Lake Railway",flo2d_250_flood_plain_cell_map_element
dece78752635f80c33051007ce7bf9c22852abded18816c6f3054bdaac169318,2396_Salalihini-River,flo2d_250_channel_cell_map_element
e5fc4ae156429db658eadb6b709d69b87f0b34f05e6ed9e12ab61cdf195608f4,475_Babapulle,flo2d_250_channel_cell_map_element
ee5a2a8e6df4fa5c0db47557b9365b205d1e53e3f0e30606ddb531098143c8aa,1420_Madinnagoda,flo2d_250_channel_cell_map_element
f4e3d6bf7e4024a4be96ad801806380a9835243eddf4e03f2e8da35a30183c89,"616_Nagalagam Street",flo2d_250_channel_cell_map_element
fa8f59c212c2a4d6e58cb51e1cda80ea2273863e013e672e2785e45813f9ec2f,"2693_Talatel Culvert",flo2d_250_channel_cell_map_element
ffaf639006e810e8dbfb4a66eb12324a6ffa776586a451b0eff2aba322f0a187,"1959_Koratuwa Rd",flo2d_250_channel_cell_map_element
